{"m":107.13035896582518,"b":18569.02585648725}