{"m":0.05143318613550066,"b":547.2600501774518}