{"m":0.000009248140444302388,"b":1.3368340982319498}