{"m":0.00010101010101010193,"b":1.32989898989899}