{"m":0.047127272727272726,"b":581.5272727272727}