{"m":0.0015094234129295282,"b":885.4793244030286}