{"m":8.727272727272727,"b":-8.727272727272691}