{"m":0.000007161444379732077,"b":1.3391555037856735}