{"m":0.00008703030303030302,"b":0.9883636363636363}