{"m":16.488009772292546,"b":-5208.349120554893}