{"m":0.000005398567930820611,"b":1.3250176243499903}