{"m":0.000006090157251019233,"b":1.4410366919044837}