{"m":0.46637772859638904,"b":140800.559114735}