{"m":7.6767676767676765,"b":-7.676767676767668}