{"m":21.873648484848484,"b":6290.1818181818235}