{"m":0.00009187878787878774,"b":0.8425454545454554}