{"m":18.03568484848485,"b":11140.218181818185}