{"m":0.24505206755969713,"b":121951.11939429237}