{"m":0.000011889733705156332,"b":0.0945030165347649}