{"m":0.00000666161910308679,"b":0.13513686662783858}