{"m":14.871574177730382,"b":1409.6637632537531}