{"m":101.25252525252525,"b":-101.25252525252472}