{"m":0.00040404040404040415,"b":0.05959595959595959}