{"m":0.000016666666666666684,"b":0.0939999999999999}